hex_layer,total_loc,platform_specific_loc,platform_specific_share,divergent_module_count,total_module_count
business,337,0,0.0,0,13
app,6931,627,0.09046313663252056,4,50
ports,550,0,0.0,0,16
driving,13341,1549,0.1161082377632861,12,27
driven,5594,204,0.036467643904183056,2,40
contract,267,0,0.0,0,8
feat (other),0,0,0.0,0,0
core,446,27,0.06053811659192825,2,7
lib,2940,426,0.14489795918367346,7,22
infra,255,0,0.0,0,5
app (top-level),1112,99,0.08902877697841727,1,3
