hex_layer,total_loc,platform_specific_loc,platform_specific_share,divergent_module_count,total_module_count
business,337,0,0.0,0,13
app,6931,627,0.09046313663252056,4,50
ports,550,0,0.0,0,16
driving,13341,1549,0.1161082377632861,12,27
driven,5594,204,0.036467643904183056,2,40
other,5020,552,0.1099601593625498,10,45
